note_id,claim_id,beneficiary_id,provider_id,clinical_note
N000001,C0000070,B00320,P0053,"Patient evaluated for diagnosis I10. Documentation supports service A0428 based on symptoms, assessment, and care plan."
N000002,CDUP00008,B00263,P0024,"Patient evaluated for diagnosis C50.9. Documentation supports service A0428 based on symptoms, assessment, and care plan."
N000003,C0000181,B00208,P0006,"Patient evaluated for diagnosis Z51.5. Documentation supports service E0260 based on symptoms, assessment, and care plan."
N000004,C0000010,B00023,P0013,"Patient evaluated for diagnosis E11.9. Documentation supports service 93000 based on symptoms, assessment, and care plan."
N000005,C0000128,B00029,P0052,Patient seen for routine follow-up. Ambulates independently. No oxygen dependence or documented mobility limitation. Billed code E1390 may require additional medical necessity documentation.
N000006,C0000110,B00132,P0042,"Patient evaluated for diagnosis E11.9. Documentation supports service 99215 based on symptoms, assessment, and care plan."
N000007,C0000197,B00483,P0001,"Patient evaluated for diagnosis N18.3. Documentation supports service 80053 based on symptoms, assessment, and care plan."
N000008,C0000094,B00279,P0044,"Patient evaluated for diagnosis Z51.5. Documentation supports service E0260 based on symptoms, assessment, and care plan."
N000009,CDUP00024,B00093,P0053,"Patient evaluated for diagnosis M54.5. Documentation supports service G0151 based on symptoms, assessment, and care plan."
N000010,C0000016,B00043,P0052,Patient seen for routine follow-up. Ambulates independently. No oxygen dependence or documented mobility limitation. Billed code E0260 may require additional medical necessity documentation.
N000011,CDUP00026,B00328,P0055,"Patient evaluated for diagnosis Z51.5. Documentation supports service E0260 based on symptoms, assessment, and care plan."
N000012,C0000056,B00442,P0021,"Patient evaluated for diagnosis R26.2. Documentation supports service 97110 based on symptoms, assessment, and care plan."
N000013,CDUP00029,B00251,P0035,"Patient evaluated for diagnosis M54.5. Documentation supports service Q5001 based on symptoms, assessment, and care plan."
N000014,C0000031,B00470,P0045,"Patient evaluated for diagnosis J44.9. Documentation supports service E1390 based on symptoms, assessment, and care plan."
N000015,CDUP00002,B00464,P0043,"Patient evaluated for diagnosis J44.9. Documentation supports service G0151 based on symptoms, assessment, and care plan."
N000016,C0000148,B00254,P0036,"Patient evaluated for diagnosis R26.2. Documentation supports service 99213 based on symptoms, assessment, and care plan."
N000017,C0000020,B00229,P0023,"Patient evaluated for diagnosis R26.2. Documentation supports service 99213 based on symptoms, assessment, and care plan."
N000018,C0000113,B00206,P0006,"Patient evaluated for diagnosis I10. Documentation supports service A0428 based on symptoms, assessment, and care plan."
N000019,CDUP00027,B00192,P0026,"Patient evaluated for diagnosis G89.4. Documentation supports service 97110 based on symptoms, assessment, and care plan."
N000020,C0000025,B00017,P0037,"Patient evaluated for diagnosis C50.9. Documentation supports service Q5001 based on symptoms, assessment, and care plan."
N000021,CDUP00010,B00418,P0015,"Patient evaluated for diagnosis R26.2. Documentation supports service Q5001 based on symptoms, assessment, and care plan."
N000022,C0000011,B00204,P0033,"Patient evaluated for diagnosis N18.3. Documentation supports service G0151 based on symptoms, assessment, and care plan."
N000023,C0000096,B00132,P0042,"Patient evaluated for diagnosis J44.9. Documentation supports service E1390 based on symptoms, assessment, and care plan."
N000024,C0000145,B00345,P0050,"Patient evaluated for diagnosis J44.9. Documentation supports service 97110 based on symptoms, assessment, and care plan."
N000025,CDUP00022,B00299,P0046,Patient seen for routine follow-up. Ambulates independently. No oxygen dependence or documented mobility limitation. Billed code E1390 may require additional medical necessity documentation.
N000026,C0000026,B00191,P0024,Patient seen for routine follow-up. Ambulates independently. No oxygen dependence or documented mobility limitation. Billed code E1390 may require additional medical necessity documentation.
N000027,C0000087,B00245,P0043,"Patient evaluated for diagnosis Z51.5. Documentation supports service G0151 based on symptoms, assessment, and care plan."
N000028,C0000184,B00109,P0015,"Patient evaluated for diagnosis N18.3. Documentation supports service Q5001 based on symptoms, assessment, and care plan."
N000029,C0000085,B00257,P0027,"Patient evaluated for diagnosis N18.3. Documentation supports service Q5001 based on symptoms, assessment, and care plan."
N000030,C0000019,B00368,P0039,Patient seen for routine follow-up. Ambulates independently. No oxygen dependence or documented mobility limitation. Billed code E0260 may require additional medical necessity documentation.
N000031,C0000147,B00286,P0004,"Patient evaluated for diagnosis C50.9. Documentation supports service Q5001 based on symptoms, assessment, and care plan."
N000032,C0000067,B00188,P0047,"Patient evaluated for diagnosis R26.2. Documentation supports service E0260 based on symptoms, assessment, and care plan."
N000033,C0000046,B00326,P0013,"Patient evaluated for diagnosis M54.5. Documentation supports service G0151 based on symptoms, assessment, and care plan."
N000034,C0000140,B00393,P0040,"Patient evaluated for diagnosis J44.9. Documentation supports service 99213 based on symptoms, assessment, and care plan."
N000035,C0000126,B00438,P0021,"Patient evaluated for diagnosis N18.3. Documentation supports service G0151 based on symptoms, assessment, and care plan."
N000036,C0000171,B00323,P0054,"Patient evaluated for diagnosis I10. Documentation supports service 93000 based on symptoms, assessment, and care plan."
N000037,C0000165,B00169,P0013,"Patient evaluated for diagnosis Z51.5. Documentation supports service 93000 based on symptoms, assessment, and care plan."
N000038,C0000017,B00093,P0053,"Patient evaluated for diagnosis M54.5. Documentation supports service G0151 based on symptoms, assessment, and care plan."
N000039,C0000157,B00465,P0056,"Patient evaluated for diagnosis M54.5. Documentation supports service 97110 based on symptoms, assessment, and care plan."
N000040,C0000178,B00270,P0040,"Patient evaluated for diagnosis R26.2. Documentation supports service 80053 based on symptoms, assessment, and care plan."
N000041,C0000162,B00412,P0007,"Patient evaluated for diagnosis R26.2. Documentation supports service E1390 based on symptoms, assessment, and care plan."
N000042,CDUP00005,B00020,P0057,"Patient evaluated for diagnosis M54.5. Documentation supports service 99213 based on symptoms, assessment, and care plan."
N000043,C0000125,B00259,P0058,"Patient evaluated for diagnosis G89.4. Documentation supports service 93000 based on symptoms, assessment, and care plan."
N000044,C0000061,B00391,P0013,"Patient evaluated for diagnosis N18.3. Documentation supports service 99215 based on symptoms, assessment, and care plan."
N000045,C0000200,B00182,P0006,"Patient evaluated for diagnosis I10. Documentation supports service G0151 based on symptoms, assessment, and care plan."
N000046,CDUP00031,B00215,P0021,"Patient evaluated for diagnosis Z51.5. Documentation supports service 99215 based on symptoms, assessment, and care plan."
N000047,C0000083,B00294,P0003,"Patient evaluated for diagnosis J44.9. Documentation supports service 99214 based on symptoms, assessment, and care plan."
N000048,C0000118,B00208,P0011,"Patient evaluated for diagnosis G89.4. Documentation supports service A0428 based on symptoms, assessment, and care plan."
N000049,C0000156,B00344,P0047,"Patient evaluated for diagnosis J44.9. Documentation supports service G0151 based on symptoms, assessment, and care plan."
N000050,C0000149,B00269,P0051,"Patient evaluated for diagnosis Z51.5. Documentation supports service 97110 based on symptoms, assessment, and care plan."
N000051,C0000159,B00105,P0046,"Patient evaluated for diagnosis J44.9. Documentation supports service E0260 based on symptoms, assessment, and care plan."
N000052,CDUP00033,B00479,P0036,"Patient evaluated for diagnosis M54.5. Documentation supports service 80053 based on symptoms, assessment, and care plan."
N000053,C0000163,B00212,P0021,"Patient evaluated for diagnosis J44.9. Documentation supports service 99213 based on symptoms, assessment, and care plan."
N000054,CDUP00020,B00170,P0024,"Patient evaluated for diagnosis I10. Documentation supports service A0428 based on symptoms, assessment, and care plan."
N000055,C0000109,B00415,P0013,"Patient evaluated for diagnosis R26.2. Documentation supports service 99214 based on symptoms, assessment, and care plan."
N000056,C0000098,B00380,P0040,"Patient evaluated for diagnosis J44.9. Documentation supports service Q5001 based on symptoms, assessment, and care plan."
N000057,C0000169,B00491,P0042,"Patient evaluated for diagnosis G89.4. Documentation supports service 99213 based on symptoms, assessment, and care plan."
N000058,C0000074,B00077,P0030,"Patient evaluated for diagnosis G89.4. Documentation supports service Q5001 based on symptoms, assessment, and care plan."
N000059,C0000039,B00369,P0046,Patient seen for routine follow-up. Ambulates independently. No oxygen dependence or documented mobility limitation. Billed code E1390 may require additional medical necessity documentation.
N000060,C0000105,B00204,P0054,Patient seen for routine follow-up. Ambulates independently. No oxygen dependence or documented mobility limitation. Billed code E1390 may require additional medical necessity documentation.
N000061,C0000173,B00327,P0040,"Patient evaluated for diagnosis N18.3. Documentation supports service A0428 based on symptoms, assessment, and care plan."
N000062,C0000172,B00112,P0001,"Patient evaluated for diagnosis N18.3. Documentation supports service G0151 based on symptoms, assessment, and care plan."
N000063,C0000112,B00328,P0055,"Patient evaluated for diagnosis Z51.5. Documentation supports service E0260 based on symptoms, assessment, and care plan."
N000064,CDUP00023,B00314,P0009,"Patient evaluated for diagnosis I10. Documentation supports service 99214 based on symptoms, assessment, and care plan."
N000065,C0000068,B00292,P0004,"Patient evaluated for diagnosis J44.9. Documentation supports service 99215 based on symptoms, assessment, and care plan."
N000066,CDUP00019,B00198,P0005,"Patient evaluated for diagnosis N18.3. Documentation supports service G0151 based on symptoms, assessment, and care plan."
N000067,C0000114,B00166,P0031,"Patient evaluated for diagnosis E11.9. Documentation supports service 93000 based on symptoms, assessment, and care plan."
N000068,C0000069,B00198,P0005,"Patient evaluated for diagnosis N18.3. Documentation supports service G0151 based on symptoms, assessment, and care plan."
N000069,C0000076,B00432,P0048,"Patient evaluated for diagnosis R26.2. Documentation supports service 80053 based on symptoms, assessment, and care plan."
N000070,C0000030,B00134,P0050,"Patient evaluated for diagnosis J44.9. Documentation supports service E1390 based on symptoms, assessment, and care plan."
N000071,C0000115,B00229,P0016,"Patient evaluated for diagnosis R26.2. Documentation supports service 80053 based on symptoms, assessment, and care plan."
N000072,C0000127,B00299,P0046,Patient seen for routine follow-up. Ambulates independently. No oxygen dependence or documented mobility limitation. Billed code E1390 may require additional medical necessity documentation.
N000073,C0000080,B00496,P0017,"Patient evaluated for diagnosis J44.9. Documentation supports service A0428 based on symptoms, assessment, and care plan."
N000074,C0000006,B00337,P0047,"Patient evaluated for diagnosis I10. Documentation supports service A0428 based on symptoms, assessment, and care plan."
N000075,C0000057,B00190,P0049,"Patient evaluated for diagnosis G89.4. Documentation supports service G0151 based on symptoms, assessment, and care plan."
N000076,C0000121,B00311,P0048,"Patient evaluated for diagnosis Z51.5. Documentation supports service 97110 based on symptoms, assessment, and care plan."
N000077,C0000142,B00380,P0016,"Patient evaluated for diagnosis Z51.5. Documentation supports service 99213 based on symptoms, assessment, and care plan."
N000078,C0000153,B00125,P0025,"Patient evaluated for diagnosis J44.9. Documentation supports service 99215 based on symptoms, assessment, and care plan."
N000079,C0000066,B00434,P0001,"Patient evaluated for diagnosis Z51.5. Documentation supports service 99214 based on symptoms, assessment, and care plan."
N000080,C0000136,B00271,P0026,"Patient evaluated for diagnosis J44.9. Documentation supports service 99215 based on symptoms, assessment, and care plan."
N000081,C0000199,B00285,P0036,"Patient evaluated for diagnosis Z51.5. Documentation supports service G0151 based on symptoms, assessment, and care plan."
N000082,C0000139,B00142,P0010,"Patient evaluated for diagnosis I10. Documentation supports service 93000 based on symptoms, assessment, and care plan."
N000083,C0000032,B00038,P0055,Patient seen for routine follow-up. Ambulates independently. No oxygen dependence or documented mobility limitation. Billed code E1390 may require additional medical necessity documentation.
N000084,C0000013,B00336,P0056,"Patient evaluated for diagnosis M54.5. Documentation supports service 97110 based on symptoms, assessment, and care plan."
N000085,C0000036,B00063,P0015,"Patient evaluated for diagnosis C50.9. Documentation supports service 93000 based on symptoms, assessment, and care plan."
N000086,C0000029,B00266,P0032,Patient seen for routine follow-up. Ambulates independently. No oxygen dependence or documented mobility limitation. Billed code E0260 may require additional medical necessity documentation.
N000087,C0000043,B00467,P0033,"Patient evaluated for diagnosis I10. Documentation supports service 99213 based on symptoms, assessment, and care plan."
N000088,C0000097,B00478,P0018,"Patient evaluated for diagnosis M54.5. Documentation supports service G0151 based on symptoms, assessment, and care plan."
N000089,C0000120,B00113,P0015,"Patient evaluated for diagnosis N18.3. Documentation supports service 99215 based on symptoms, assessment, and care plan."
N000090,CDUP00025,B00467,P0033,"Patient evaluated for diagnosis I10. Documentation supports service 99213 based on symptoms, assessment, and care plan."
N000091,C0000052,B00456,P0032,"Patient evaluated for diagnosis G89.4. Documentation supports service A0428 based on symptoms, assessment, and care plan."
N000092,C0000185,B00039,P0060,"Patient evaluated for diagnosis M54.5. Documentation supports service A0428 based on symptoms, assessment, and care plan."
N000093,C0000186,B00017,P0043,"Patient evaluated for diagnosis R26.2. Documentation supports service 99215 based on symptoms, assessment, and care plan."
N000094,C0000077,B00251,P0035,"Patient evaluated for diagnosis M54.5. Documentation supports service Q5001 based on symptoms, assessment, and care plan."
N000095,C0000042,B00425,P0057,"Patient evaluated for diagnosis C50.9. Documentation supports service G0151 based on symptoms, assessment, and care plan."
N000096,C0000102,B00334,P0031,"Patient evaluated for diagnosis M54.5. Documentation supports service 93000 based on symptoms, assessment, and care plan."
N000097,C0000143,B00112,P0035,"Patient evaluated for diagnosis C50.9. Documentation supports service 99213 based on symptoms, assessment, and care plan."
N000098,C0000079,B00408,P0020,"Patient evaluated for diagnosis E11.9. Documentation supports service A0428 based on symptoms, assessment, and care plan."
N000099,C0000138,B00422,P0025,"Patient evaluated for diagnosis J44.9. Documentation supports service 93000 based on symptoms, assessment, and care plan."
N000100,C0000027,B00188,P0034,"Patient evaluated for diagnosis R26.2. Documentation supports service E0260 based on symptoms, assessment, and care plan."
N000101,C0000154,B00231,P0060,"Patient evaluated for diagnosis I10. Documentation supports service 97110 based on symptoms, assessment, and care plan."
N000102,C0000193,B00482,P0036,"Patient evaluated for diagnosis Z51.5. Documentation supports service E0260 based on symptoms, assessment, and care plan."
N000103,C0000187,B00074,P0038,Patient seen for routine follow-up. Ambulates independently. No oxygen dependence or documented mobility limitation. Billed code E0260 may require additional medical necessity documentation.
N000104,C0000001,B00315,P0001,"Patient evaluated for diagnosis J44.9. Documentation supports service 97110 based on symptoms, assessment, and care plan."
N000105,C0000003,B00260,P0035,"Patient evaluated for diagnosis G89.4. Documentation supports service G0151 based on symptoms, assessment, and care plan."
N000106,C0000078,B00170,P0024,"Patient evaluated for diagnosis I10. Documentation supports service A0428 based on symptoms, assessment, and care plan."
N000107,C0000047,B00274,P0040,"Patient evaluated for diagnosis G89.4. Documentation supports service 99214 based on symptoms, assessment, and care plan."
N000108,C0000101,B00494,P0001,"Patient evaluated for diagnosis C50.9. Documentation supports service G0151 based on symptoms, assessment, and care plan."
N000109,C0000116,B00294,P0047,"Patient evaluated for diagnosis M54.5. Documentation supports service 99213 based on symptoms, assessment, and care plan."
N000110,C0000141,B00305,P0007,"Patient evaluated for diagnosis N18.3. Documentation supports service 99213 based on symptoms, assessment, and care plan."
N000111,C0000168,B00072,P0011,"Patient evaluated for diagnosis N18.3. Documentation supports service G0151 based on symptoms, assessment, and care plan."
N000112,C0000091,B00483,P0015,"Patient evaluated for diagnosis M54.5. Documentation supports service 80053 based on symptoms, assessment, and care plan."
N000113,C0000086,B00071,P0046,"Patient evaluated for diagnosis J44.9. Documentation supports service G0151 based on symptoms, assessment, and care plan."
N000114,C0000166,B00282,P0032,"Patient evaluated for diagnosis R26.2. Documentation supports service A0428 based on symptoms, assessment, and care plan."
N000115,C0000155,B00138,P0004,Patient seen for routine follow-up. Ambulates independently. No oxygen dependence or documented mobility limitation. Billed code E0260 may require additional medical necessity documentation.
N000116,C0000099,B00464,P0043,"Patient evaluated for diagnosis J44.9. Documentation supports service G0151 based on symptoms, assessment, and care plan."
N000117,C0000037,B00185,P0002,"Patient evaluated for diagnosis R26.2. Documentation supports service G0151 based on symptoms, assessment, and care plan."
N000118,C0000137,B00238,P0020,"Patient evaluated for diagnosis G89.4. Documentation supports service A0428 based on symptoms, assessment, and care plan."
N000119,C0000062,B00451,P0032,"Patient evaluated for diagnosis N18.3. Documentation supports service 80053 based on symptoms, assessment, and care plan."
N000120,C0000023,B00312,P0055,"Patient evaluated for diagnosis N18.3. Documentation supports service A0428 based on symptoms, assessment, and care plan."
N000121,C0000119,B00061,P0045,"Patient evaluated for diagnosis M54.5. Documentation supports service A0428 based on symptoms, assessment, and care plan."
N000122,CDUP00017,B00085,P0020,"Patient evaluated for diagnosis R26.2. Documentation supports service 99215 based on symptoms, assessment, and care plan."
N000123,C0000133,B00093,P0027,"Patient evaluated for diagnosis Z51.5. Documentation supports service 99215 based on symptoms, assessment, and care plan."
N000124,C0000034,B00034,P0046,"Patient evaluated for diagnosis G89.4. Documentation supports service G0151 based on symptoms, assessment, and care plan."
N000125,C0000012,B00332,P0049,"Patient evaluated for diagnosis M54.5. Documentation supports service 93000 based on symptoms, assessment, and care plan."
N000126,CDUP00030,B00186,P0046,"Patient evaluated for diagnosis I10. Documentation supports service 99214 based on symptoms, assessment, and care plan."
N000127,C0000183,B00402,P0042,"Patient evaluated for diagnosis I10. Documentation supports service 97110 based on symptoms, assessment, and care plan."
N000128,C0000007,B00023,P0009,"Patient evaluated for diagnosis G89.4. Documentation supports service 97110 based on symptoms, assessment, and care plan."
N000129,C0000028,B00492,P0016,"Patient evaluated for diagnosis E11.9. Documentation supports service 99214 based on symptoms, assessment, and care plan."
N000130,C0000144,B00418,P0015,"Patient evaluated for diagnosis R26.2. Documentation supports service Q5001 based on symptoms, assessment, and care plan."
N000131,C0000005,B00009,P0048,"Patient evaluated for diagnosis I10. Documentation supports service 97110 based on symptoms, assessment, and care plan."
N000132,C0000123,B00404,P0056,"Patient evaluated for diagnosis G89.4. Documentation supports service 99214 based on symptoms, assessment, and care plan."
N000133,C0000033,B00415,P0006,"Patient evaluated for diagnosis R26.2. Documentation supports service A0428 based on symptoms, assessment, and care plan."
N000134,C0000182,B00327,P0004,Patient seen for routine follow-up. Ambulates independently. No oxygen dependence or documented mobility limitation. Billed code E0260 may require additional medical necessity documentation.
N000135,C0000063,B00259,P0026,"Patient evaluated for diagnosis J44.9. Documentation supports service E1390 based on symptoms, assessment, and care plan."
N000136,C0000129,B00289,P0030,"Patient evaluated for diagnosis G89.4. Documentation supports service 99213 based on symptoms, assessment, and care plan."
N000137,CDUP00012,B00286,P0004,"Patient evaluated for diagnosis C50.9. Documentation supports service Q5001 based on symptoms, assessment, and care plan."
N000138,C0000176,B00417,P0033,"Patient evaluated for diagnosis Z51.5. Documentation supports service A0428 based on symptoms, assessment, and care plan."
N000139,C0000071,B00192,P0026,"Patient evaluated for diagnosis G89.4. Documentation supports service 97110 based on symptoms, assessment, and care plan."
N000140,C0000179,B00192,P0006,Patient seen for routine follow-up. Ambulates independently. No oxygen dependence or documented mobility limitation. Billed code E0260 may require additional medical necessity documentation.
N000141,C0000065,B00432,P0057,"Patient evaluated for diagnosis N18.3. Documentation supports service A0428 based on symptoms, assessment, and care plan."
N000142,C0000045,B00486,P0023,"Patient evaluated for diagnosis M54.5. Documentation supports service G0151 based on symptoms, assessment, and care plan."
N000143,C0000151,B00116,P0055,"Patient evaluated for diagnosis C50.9. Documentation supports service 80053 based on symptoms, assessment, and care plan."
N000144,C0000041,B00239,P0029,"Patient evaluated for diagnosis G89.4. Documentation supports service A0428 based on symptoms, assessment, and care plan."
N000145,C0000124,B00186,P0046,"Patient evaluated for diagnosis I10. Documentation supports service 99214 based on symptoms, assessment, and care plan."
N000146,C0000024,B00121,P0005,"Patient evaluated for diagnosis R26.2. Documentation supports service A0428 based on symptoms, assessment, and care plan."
N000147,C0000174,B00004,P0002,"Patient evaluated for diagnosis G89.4. Documentation supports service G0151 based on symptoms, assessment, and care plan."
N000148,C0000198,B00068,P0007,"Patient evaluated for diagnosis C50.9. Documentation supports service 99214 based on symptoms, assessment, and care plan."
N000149,C0000082,B00431,P0050,Patient seen for routine follow-up. Ambulates independently. No oxygen dependence or documented mobility limitation. Billed code E0260 may require additional medical necessity documentation.
N000150,C0000040,B00295,P0053,"Patient evaluated for diagnosis C50.9. Documentation supports service 99214 based on symptoms, assessment, and care plan."
N000151,C0000196,B00200,P0048,"Patient evaluated for diagnosis R26.2. Documentation supports service 97110 based on symptoms, assessment, and care plan."
N000152,C0000048,B00483,P0038,"Patient evaluated for diagnosis C50.9. Documentation supports service Q5001 based on symptoms, assessment, and care plan."
N000153,C0000095,B00022,P0019,"Patient evaluated for diagnosis I10. Documentation supports service 80053 based on symptoms, assessment, and care plan."
N000154,C0000177,B00050,P0059,"Patient evaluated for diagnosis C50.9. Documentation supports service G0151 based on symptoms, assessment, and care plan."
N000155,C0000044,B00085,P0020,"Patient evaluated for diagnosis R26.2. Documentation supports service 99215 based on symptoms, assessment, and care plan."
N000156,C0000146,B00267,P0043,"Patient evaluated for diagnosis Z51.5. Documentation supports service 93000 based on symptoms, assessment, and care plan."
N000157,C0000160,B00145,P0050,Patient seen for routine follow-up. Ambulates independently. No oxygen dependence or documented mobility limitation. Billed code E0260 may require additional medical necessity documentation.
N000158,C0000004,B00241,P0056,"Patient evaluated for diagnosis Z51.5. Documentation supports service 99213 based on symptoms, assessment, and care plan."
N000159,C0000106,B00020,P0057,"Patient evaluated for diagnosis M54.5. Documentation supports service 99213 based on symptoms, assessment, and care plan."
N000160,C0000054,B00353,P0005,"Patient evaluated for diagnosis C50.9. Documentation supports service 99213 based on symptoms, assessment, and care plan."
N000161,C0000134,B00446,P0029,"Patient evaluated for diagnosis Z51.5. Documentation supports service E0260 based on symptoms, assessment, and care plan."
N000162,CDUP00013,B00446,P0029,"Patient evaluated for diagnosis Z51.5. Documentation supports service E0260 based on symptoms, assessment, and care plan."
N000163,CDUP00034,B00432,P0057,"Patient evaluated for diagnosis N18.3. Documentation supports service A0428 based on symptoms, assessment, and care plan."
N000164,CDUP00018,B00063,P0015,"Patient evaluated for diagnosis C50.9. Documentation supports service 93000 based on symptoms, assessment, and care plan."
N000165,C0000050,B00443,P0053,"Patient evaluated for diagnosis I10. Documentation supports service 99213 based on symptoms, assessment, and care plan."
N000166,C0000164,B00134,P0002,"Patient evaluated for diagnosis Z51.5. Documentation supports service G0151 based on symptoms, assessment, and care plan."
N000167,C0000081,B00246,P0038,"Patient evaluated for diagnosis G89.4. Documentation supports service 99215 based on symptoms, assessment, and care plan."
N000168,C0000035,B00081,P0055,"Patient evaluated for diagnosis C50.9. Documentation supports service A0428 based on symptoms, assessment, and care plan."
N000169,C0000008,B00399,P0054,"Patient evaluated for diagnosis N18.3. Documentation supports service A0428 based on symptoms, assessment, and care plan."
N000170,C0000111,B00152,P0051,"Patient evaluated for diagnosis J44.9. Documentation supports service Q5001 based on symptoms, assessment, and care plan."
N000171,C0000092,B00361,P0045,"Patient evaluated for diagnosis R26.2. Documentation supports service E1390 based on symptoms, assessment, and care plan."
N000172,C0000084,B00215,P0021,"Patient evaluated for diagnosis Z51.5. Documentation supports service 99215 based on symptoms, assessment, and care plan."
N000173,CDUP00009,B00017,P0043,"Patient evaluated for diagnosis R26.2. Documentation supports service 99215 based on symptoms, assessment, and care plan."
N000174,CDUP00014,B00085,P0020,"Patient evaluated for diagnosis R26.2. Documentation supports service 99215 based on symptoms, assessment, and care plan."
N000175,C0000090,B00491,P0013,"Patient evaluated for diagnosis M54.5. Documentation supports service 93000 based on symptoms, assessment, and care plan."
N000176,C0000009,B00094,P0041,"Patient evaluated for diagnosis I10. Documentation supports service A0428 based on symptoms, assessment, and care plan."
N000177,C0000014,B00456,P0028,Patient seen for routine follow-up. Ambulates independently. No oxygen dependence or documented mobility limitation. Billed code E0260 may require additional medical necessity documentation.
N000178,C0000060,B00128,P0027,"Patient evaluated for diagnosis R26.2. Documentation supports service 99215 based on symptoms, assessment, and care plan."
N000179,CDUP00001,B00215,P0021,"Patient evaluated for diagnosis Z51.5. Documentation supports service 99215 based on symptoms, assessment, and care plan."
N000180,C0000132,B00031,P0035,"Patient evaluated for diagnosis N18.3. Documentation supports service 99214 based on symptoms, assessment, and care plan."
N000181,C0000018,B00168,P0006,"Patient evaluated for diagnosis M54.5. Documentation supports service A0428 based on symptoms, assessment, and care plan."
N000182,C0000167,B00329,P0047,Patient seen for routine follow-up. Ambulates independently. No oxygen dependence or documented mobility limitation. Billed code E1390 may require additional medical necessity documentation.
N000183,C0000073,B00020,P0003,"Patient evaluated for diagnosis R26.2. Documentation supports service 99215 based on symptoms, assessment, and care plan."
N000184,CDUP00006,B00052,P0004,"Patient evaluated for diagnosis R26.2. Documentation supports service A0428 based on symptoms, assessment, and care plan."
N000185,C0000135,B00335,P0009,"Patient evaluated for diagnosis I10. Documentation supports service 97110 based on symptoms, assessment, and care plan."
N000186,C0000191,B00394,P0039,"Patient evaluated for diagnosis Z51.5. Documentation supports service Q5001 based on symptoms, assessment, and care plan."
N000187,CDUP00016,B00380,P0040,"Patient evaluated for diagnosis J44.9. Documentation supports service Q5001 based on symptoms, assessment, and care plan."
N000188,C0000064,B00025,P0023,"Patient evaluated for diagnosis M54.5. Documentation supports service 99213 based on symptoms, assessment, and care plan."
N000189,C0000055,B00238,P0031,"Patient evaluated for diagnosis R26.2. Documentation supports service 93000 based on symptoms, assessment, and care plan."
N000190,C0000108,B00253,P0034,"Patient evaluated for diagnosis G89.4. Documentation supports service 99215 based on symptoms, assessment, and care plan."
N000191,C0000051,B00334,P0017,"Patient evaluated for diagnosis Z51.5. Documentation supports service 93000 based on symptoms, assessment, and care plan."
N000192,C0000194,B00195,P0043,"Patient evaluated for diagnosis M54.5. Documentation supports service 99214 based on symptoms, assessment, and care plan."
N000193,C0000175,B00272,P0002,"Patient evaluated for diagnosis G89.4. Documentation supports service 80053 based on symptoms, assessment, and care plan."
N000194,C0000195,B00138,P0006,"Patient evaluated for diagnosis Z51.5. Documentation supports service 99215 based on symptoms, assessment, and care plan."
N000195,C0000190,B00051,P0004,"Patient evaluated for diagnosis J44.9. Documentation supports service E0260 based on symptoms, assessment, and care plan."
N000196,CDUP00032,B00229,P0023,"Patient evaluated for diagnosis R26.2. Documentation supports service 99213 based on symptoms, assessment, and care plan."
N000197,CDUP00007,B00182,P0006,"Patient evaluated for diagnosis I10. Documentation supports service G0151 based on symptoms, assessment, and care plan."
N000198,C0000170,B00343,P0053,"Patient evaluated for diagnosis E11.9. Documentation supports service 99213 based on symptoms, assessment, and care plan."
N000199,C0000059,B00050,P0010,"Patient evaluated for diagnosis M54.5. Documentation supports service 99213 based on symptoms, assessment, and care plan."
N000200,C0000049,B00462,P0047,"Patient evaluated for diagnosis R26.2. Documentation supports service Q5001 based on symptoms, assessment, and care plan."
